{"cameraMode":{"drawMode":0,"name":"Shaded","section":"Shading Mode"},"sceneLighting":true,"audioPlay":false,"sceneViewState":{"m_AlwaysRefresh":false,"showFog":true,"showSkybox":true,"showFlares":true,"showImageEffects":true,"showParticleSystems":true,"showVisualEffectGraphs":true,"m_FxEnabled":true},"in2DMode":false,"pivot":{"x":7.137231349945068,"y":0.7009138464927673,"z":0.7499849796295166},"rotation":{"x":0.005625758320093155,"y":0.693594753742218,"z":-0.0054166363552212719,"w":0.7203249931335449},"size":12.08410358428955,"orthographic":false}