{"cameraMode":{"drawMode":0,"name":"Shaded","section":"Shading Mode"},"sceneLighting":false,"audioPlay":false,"sceneViewState":{"m_AlwaysRefresh":false,"showFog":true,"showSkybox":false,"showFlares":true,"showImageEffects":true,"showParticleSystems":true,"showVisualEffectGraphs":true,"m_FxEnabled":true},"in2DMode":false,"pivot":{"x":-1.43313729763031,"y":0.23032934963703156,"z":-3.4417169094085695},"rotation":{"x":0.0008759229676797986,"y":0.9948118329048157,"z":0.008646284230053425,"w":-0.10152171552181244},"size":0.6550998687744141,"orthographic":false}