{"cameraMode":{"drawMode":0,"name":"Shaded","section":"Shading Mode"},"sceneLighting":false,"audioPlay":false,"sceneViewState":{"m_AlwaysRefresh":false,"showFog":true,"showSkybox":false,"showFlares":true,"showImageEffects":true,"showParticleSystems":true,"showVisualEffectGraphs":true,"m_FxEnabled":true},"in2DMode":false,"pivot":{"x":-0.14585375785827638,"y":0.7137298583984375,"z":-2.7657089233398439},"rotation":{"x":-0.20708690583705903,"y":-0.16030578315258027,"z":0.03441927209496498,"w":-0.9644880890846252},"size":1.184175729751587,"orthographic":false}